date,region,product,sales,profit
2025-04-13,대구,A,891,127
2025-12-15,대구,A,412,62
2025-09-28,서울,A,711,48
2025-04-17,부산,A,937,74
2025-03-13,부산,D,908,154
2025-07-08,인천,A,281,167
2025-01-21,부산,C,785,190
2025-04-13,광주,D,927,22
2025-05-02,부산,B,463,30
2025-08-03,인천,B,287,156
2025-11-27,부산,C,668,62
2025-03-29,광주,C,642,28
2025-04-10,서울,D,695,66
2025-12-26,인천,B,763,34
2025-06-01,서울,B,647,40
2025-05-11,서울,B,824,90
2025-05-30,서울,B,507,192
2025-11-05,대구,B,975,32
2025-09-15,대구,A,717,41
2025-12-10,서울,C,513,199
2025-10-21,인천,A,441,83
2025-07-11,광주,B,319,19
2025-10-04,광주,D,262,63
2025-06-10,부산,D,319,61
2025-11-10,인천,B,369,157
2025-01-22,대구,B,731,169
2025-09-10,서울,D,947,123
2025-08-24,부산,A,499,23
2025-12-11,광주,A,281,187
2025-02-18,대구,B,717,165
2025-02-28,대구,A,828,119
2025-06-19,서울,D,304,62
2025-07-07,광주,A,681,161
2025-09-28,인천,B,655,88
2025-07-09,대구,D,940,31
2025-06-24,서울,A,912,39
2025-02-20,인천,C,327,13
2025-12-30,광주,D,795,68
2025-02-24,대구,D,718,17
2025-09-01,인천,C,695,21
2025-11-16,인천,C,949,128
2025-05-11,인천,D,349,168
2025-11-03,대구,C,974,43
2025-05-15,대구,B,540,91
2025-01-21,부산,B,632,107
2025-11-25,광주,B,295,136
2025-06-16,서울,D,789,84
2025-10-01,인천,C,618,114
2025-03-30,부산,C,169,58
2025-11-12,서울,A,738,88
2025-01-14,부산,A,498,194
2025-08-30,대구,C,771,102
2025-09-22,인천,C,859,163
2025-12-12,서울,C,302,27
2025-02-22,서울,D,247,105
2025-12-06,서울,C,571,47
2025-04-02,서울,A,754,96
2025-09-21,서울,D,298,97
2025-02-04,부산,C,525,59
2025-07-25,인천,A,765,17
2025-03-22,대구,D,591,178
2025-02-19,대구,C,987,143
2025-12-26,대구,C,995,78
2025-01-02,대구,C,241,181
2025-02-23,부산,D,412,130
2025-04-16,광주,A,264,73
2025-09-17,인천,A,413,166
2025-11-06,서울,B,120,165
2025-07-10,광주,C,181,148
2025-08-06,대구,B,680,130
2025-02-13,광주,B,230,74
2025-06-11,인천,A,698,116
2025-07-21,서울,D,829,156
2025-09-27,서울,D,404,146
2025-12-17,인천,A,470,164
2025-10-31,인천,D,956,171
2025-09-28,대구,B,952,181
2025-08-03,서울,C,483,109
2025-09-09,광주,A,544,91
2025-07-09,부산,C,524,152
2025-10-23,부산,D,260,60
2025-08-01,인천,C,277,150
2025-07-27,대구,D,728,92
2025-08-25,부산,D,807,186
2025-12-04,서울,B,994,121
2025-02-22,인천,D,589,65
2025-10-07,광주,B,426,188
2025-08-05,인천,B,697,174
2025-09-09,광주,B,388,154
2025-07-07,인천,A,692,195
2025-02-10,인천,A,763,166
2025-06-06,인천,D,672,170
2025-01-15,광주,B,672,69
2025-10-28,광주,A,453,129
2025-03-06,인천,B,127,192
2025-12-11,부산,C,142,147
2025-11-23,대구,C,780,184
2025-01-09,대구,C,522,32
2025-12-10,대구,D,697,158
2025-05-09,광주,B,276,22
2025-05-16,광주,C,628,110
2025-03-04,부산,A,709,170
2025-05-19,대구,C,593,33
2025-03-22,대구,C,297,117
2025-06-12,인천,C,709,20
2025-10-16,광주,D,676,26
2025-09-18,대구,A,941,184
2025-08-19,부산,B,952,34
2025-02-10,부산,A,616,103
2025-01-28,대구,B,613,30
2025-05-15,광주,D,121,93
2025-07-20,부산,D,211,149
2025-11-24,인천,D,156,46
2025-09-25,부산,D,165,51
2025-02-02,서울,B,941,154
2025-02-17,서울,C,197,110
2025-03-03,광주,B,243,57
2025-08-04,대구,A,979,112
2025-10-20,광주,D,534,37
2025-04-09,광주,D,736,50
2025-06-21,광주,A,778,108
2025-12-26,광주,B,185,56
2025-08-02,인천,C,687,155
2025-02-04,인천,C,443,114
2025-08-15,부산,A,393,133
2025-04-11,서울,C,670,22
2025-05-11,광주,B,749,150
2025-09-14,부산,B,710,109
2025-01-05,서울,A,803,40
2025-08-06,대구,B,342,139
2025-09-12,인천,D,930,25
2025-12-25,서울,A,660,146
2025-10-10,대구,B,131,82
2025-07-26,서울,A,490,175
2025-01-15,인천,C,376,63
2025-12-12,인천,B,631,193
2025-02-11,부산,D,253,109
2025-06-28,광주,B,482,118
2025-03-04,서울,A,167,96
2025-12-18,서울,A,977,182
2025-08-19,대구,B,983,171
2025-08-29,인천,D,313,146
2025-02-21,서울,D,754,17
2025-04-06,인천,D,475,16
2025-08-10,서울,A,843,45
2025-08-19,부산,B,312,27
2025-08-25,광주,C,178,12
2025-05-23,서울,A,825,37
2025-06-20,인천,D,727,79
2025-01-29,부산,B,703,181
2025-02-05,서울,D,881,158
2025-01-13,대구,C,480,37
2025-06-09,광주,D,779,63
2025-11-23,서울,D,157,191
2025-07-06,부산,C,895,74
2025-08-31,대구,B,125,109
2025-03-27,부산,A,980,30
2025-10-11,부산,B,546,22
2025-03-07,대구,C,165,66
2025-06-19,부산,D,859,58
2025-02-14,대구,B,353,127
2025-03-03,서울,A,998,63
2025-05-14,대구,C,143,147
2025-10-11,대구,B,196,62
2025-01-28,광주,A,653,53
2025-04-18,대구,C,326,56
2025-02-13,대구,A,873,62
2025-12-06,서울,C,778,83
2025-10-13,광주,D,535,55
2025-11-27,인천,B,890,22
2025-05-08,서울,A,700,174
2025-12-14,서울,C,478,111
2025-08-19,인천,A,277,33
2025-07-09,대구,A,526,11
2025-08-13,부산,B,808,90
2025-10-10,광주,D,406,109
2025-05-01,부산,A,878,151
2025-04-26,인천,C,603,147
2025-08-21,서울,C,367,172
2025-09-16,서울,D,685,162
2025-12-25,광주,C,107,140
2025-07-17,서울,D,607,120
2025-05-17,서울,C,575,111
2025-11-14,광주,B,396,26
2025-06-14,광주,A,263,21
2025-08-13,인천,B,584,191
2025-11-03,서울,A,696,125
2025-08-22,서울,A,171,33
2025-06-21,인천,A,666,38
2025-06-01,대구,B,658,180
2025-11-11,대구,A,337,162
2025-06-09,대구,B,203,131
2025-04-06,인천,D,309,197
2025-08-21,서울,C,653,99
2025-06-29,인천,C,927,74
2025-04-23,인천,A,567,93
2025-11-14,대구,B,553,128
2025-02-21,부산,C,367,165
2025-09-25,서울,B,485,25
2025-10-22,대구,B,874,184
2025-04-23,부산,A,947,113
2025-04-11,부산,C,486,101
2025-04-23,광주,A,976,195
2025-03-22,서울,A,358,36
2025-07-06,부산,C,382,190
2025-04-23,대구,C,725,179
2025-01-02,광주,D,974,196
2025-05-10,서울,D,139,184
2025-08-08,인천,B,585,171
2025-02-23,대구,C,319,174
2025-12-09,부산,D,228,143
2025-08-12,부산,B,619,144
2025-08-13,대구,B,712,162
2025-05-06,부산,B,991,42
2025-05-10,광주,D,787,64
2025-02-22,서울,C,718,195
2025-06-21,광주,A,712,16
2025-08-06,부산,B,359,66
2025-06-09,인천,D,465,135
2025-07-17,서울,D,857,21
2025-09-04,서울,A,886,25
2025-11-20,대구,A,643,52
2025-07-22,대구,D,748,126
2025-07-03,인천,C,623,144
2025-05-03,서울,A,913,120
2025-09-12,인천,D,986,60
2025-10-21,대구,A,115,169
2025-10-07,대구,C,228,84
2025-11-21,서울,B,674,17
2025-04-08,광주,A,208,54
2025-07-17,부산,C,986,68
2025-08-28,대구,D,632,141
2025-05-24,대구,A,769,113
2025-04-07,광주,A,368,166
2025-07-20,광주,D,261,166
2025-05-04,인천,B,359,107
2025-07-06,인천,D,201,165
2025-11-22,부산,A,605,88
2025-12-15,부산,D,834,133
2025-09-16,서울,C,670,181
2025-05-28,인천,D,346,13
2025-09-09,대구,A,739,99
2025-12-12,인천,D,894,113
2025-05-27,대구,B,936,146
2025-05-28,광주,D,636,128
2025-12-18,인천,B,230,142
2025-07-18,광주,C,452,65
2025-11-04,부산,B,295,105
2025-05-08,부산,D,892,187
2025-02-08,서울,A,765,84
2025-12-04,인천,B,481,152
2025-12-26,광주,C,744,41
2025-05-09,대구,B,326,37
2025-09-24,부산,B,800,31
2025-05-31,부산,B,575,26
2025-10-25,대구,C,576,68
2025-04-09,광주,D,364,99
2025-09-20,광주,B,471,115
2025-09-09,인천,B,585,194
2025-05-24,인천,A,533,35
2025-12-12,서울,C,745,34
2025-04-22,부산,B,310,147
2025-03-01,인천,C,671,54
2025-01-02,광주,B,476,92
2025-10-31,대구,D,494,20
2025-09-11,광주,D,549,190
2025-05-20,부산,B,463,113
2025-02-06,광주,D,975,77
2025-06-09,서울,B,556,104
2025-01-09,부산,D,824,165
2025-08-21,대구,A,827,74
2025-04-09,서울,A,325,58
2025-05-27,부산,A,230,184
2025-10-31,대구,C,687,61
2025-07-27,서울,C,575,111
2025-05-11,서울,A,897,191
2025-06-01,부산,C,376,197
2025-02-23,인천,D,255,66
2025-04-30,서울,B,859,56
2025-06-10,서울,B,317,168
2025-04-26,대구,B,289,183
2025-03-16,광주,A,516,35
2025-04-23,부산,C,774,123
2025-04-14,부산,D,791,14
2025-12-06,인천,D,645,93
2025-09-11,인천,A,140,61
2025-08-15,부산,D,406,114
2025-04-22,인천,D,437,63
2025-04-09,대구,D,413,170
2025-06-02,부산,D,174,187
2025-12-15,인천,C,378,175
2025-12-04,부산,D,275,164
2025-07-13,광주,B,995,24
2025-11-06,서울,A,761,70
2025-06-12,부산,C,372,131
2025-07-27,서울,D,936,30
2025-06-18,인천,C,719,55
2025-06-10,서울,D,750,143
2025-03-09,부산,B,961,47
2025-10-16,광주,A,882,71
2025-10-04,인천,D,958,95
2025-10-31,부산,D,388,199
2025-05-15,인천,D,823,87
2025-07-14,대구,D,992,55
2025-05-08,서울,A,371,150
2025-02-02,대구,A,165,12
2025-06-25,부산,B,582,15
2025-01-22,광주,A,347,102
2025-08-26,인천,D,255,17
2025-06-07,서울,B,146,181
2025-02-07,인천,B,553,117
2025-08-18,부산,B,300,170
2025-12-31,인천,D,759,84
2025-02-20,서울,C,223,86
2025-09-21,부산,D,100,59
2025-10-10,인천,A,858,20
2025-01-27,광주,A,954,104
2025-08-14,부산,D,739,165
2025-10-04,부산,D,290,79
2025-10-13,광주,B,678,178
2025-04-07,대구,D,615,25
2025-10-11,서울,B,541,77
2025-11-13,대구,A,914,108
2025-10-31,인천,B,905,57
2025-05-27,광주,D,242,193
2025-01-04,대구,A,290,73
2025-02-04,부산,C,632,196
2025-07-11,인천,B,326,99
2025-02-18,인천,A,412,199
2025-01-17,대구,B,728,85
2025-06-21,대구,A,401,148
2025-08-08,광주,A,753,110
2025-06-07,서울,B,559,98
2025-02-15,대구,C,500,27
2025-01-06,대구,A,650,28
2025-04-09,부산,A,492,64
2025-08-21,인천,A,966,111
2025-02-06,서울,C,863,127
2025-10-07,부산,C,944,163
2025-12-15,광주,D,306,143
2025-10-29,광주,B,309,13
2025-06-30,대구,C,214,117
2025-04-05,대구,B,836,124
2025-04-09,광주,D,745,38
2025-07-07,대구,B,350,68
2025-04-26,서울,C,318,134
2025-07-10,대구,B,506,107
2025-09-10,인천,C,542,26
2025-06-10,대구,B,702,116
2025-09-13,부산,C,453,52
2025-11-19,서울,C,987,89
2025-05-08,부산,B,657,171
2025-01-18,부산,D,649,17
2025-10-08,인천,A,241,150
2025-08-11,서울,D,711,115
2025-02-23,서울,B,600,17
2025-02-27,서울,D,939,105
2025-11-19,서울,C,801,103
2025-12-26,서울,A,646,74
2025-06-23,인천,B,758,180
2025-10-07,대구,B,641,48
2025-04-24,부산,B,945,90
2025-10-15,서울,A,606,196
2025-12-08,대구,C,695,93
2025-05-31,대구,B,980,97
2025-05-07,부산,D,380,95
2025-06-04,인천,B,523,102
2025-09-30,광주,B,955,95
2025-04-14,광주,B,369,53
2025-10-26,대구,B,253,146
2025-09-03,부산,C,713,174
2025-06-25,광주,D,826,83
2025-02-08,대구,C,761,45
2025-06-19,인천,D,182,110
2025-09-04,광주,B,721,165
2025-01-26,대구,A,998,179
2025-12-21,대구,C,525,180
2025-11-02,서울,A,374,179
2025-01-13,인천,C,812,113
2025-11-12,서울,B,383,75
2025-11-09,부산,C,272,64
2025-02-05,서울,B,426,185
2025-06-22,서울,C,817,100
2025-01-20,광주,B,162,31
2025-11-17,대구,B,172,110
2025-09-21,인천,D,862,164
2025-05-22,서울,B,735,130
2025-05-23,인천,D,474,102
2025-04-02,서울,B,732,117
2025-12-20,부산,A,607,150
2025-11-18,서울,B,886,182
2025-10-15,광주,A,497,19
2025-08-03,대구,A,219,18
2025-12-08,부산,B,536,191
2025-02-20,서울,A,928,164
2025-06-02,인천,D,775,43
2025-07-05,부산,C,564,138
2025-03-04,부산,B,385,169
2025-07-09,서울,A,364,98
2025-05-05,부산,B,419,102
2025-05-30,인천,D,772,80
2025-11-10,부산,B,475,76
2025-02-27,인천,B,919,157
2025-12-08,서울,A,188,126
2025-11-01,대구,D,753,103
2025-06-29,부산,C,302,172
2025-06-19,대구,C,920,108
2025-11-22,인천,A,838,122
2025-09-28,부산,B,433,112
2025-02-23,광주,A,321,100
2025-04-11,대구,A,140,99
2025-09-21,부산,A,807,26
2025-02-22,대구,B,167,27
2025-03-01,부산,D,875,182
2025-04-18,서울,A,613,125
2025-01-05,대구,B,972,102
2025-04-13,광주,D,736,190
2025-07-15,광주,A,721,100
2025-09-19,인천,C,697,91
2025-12-31,부산,D,731,77
2025-12-16,대구,A,226,123
2025-02-16,인천,D,354,10
2025-12-21,대구,D,794,67
2025-11-07,부산,D,115,163
2025-11-04,광주,D,576,118
2025-05-24,서울,D,161,157
2025-09-26,광주,D,980,125
2025-05-04,인천,A,531,96
2025-04-16,서울,C,769,19
2025-06-07,인천,B,367,68
2025-05-27,부산,D,134,50
2025-05-25,서울,B,878,114
2025-04-30,인천,A,675,142
2025-11-15,부산,D,593,131
2025-10-02,광주,C,661,154
2025-04-02,부산,B,568,31
2025-02-27,대구,D,866,107
2025-12-12,부산,A,760,178
2025-08-17,부산,C,424,77
2025-04-27,대구,B,403,148
2025-11-14,인천,B,375,65
2025-10-06,인천,D,968,188
2025-05-07,부산,C,783,158
2025-05-09,대구,C,300,108
2025-02-27,대구,C,544,85
2025-05-02,광주,C,423,35
2025-01-01,인천,A,134,124
2025-08-27,서울,C,581,156
2025-10-17,인천,B,827,118
2025-04-06,인천,B,579,197
2025-05-06,광주,A,164,56
2025-04-28,서울,B,107,80
2025-02-17,광주,B,400,163
2025-03-30,서울,C,442,49
2025-08-25,부산,B,530,142
2025-09-29,서울,A,523,158
2025-07-08,광주,C,431,141
2025-07-11,인천,D,537,32
2025-03-10,서울,C,687,115
2025-10-05,서울,A,273,93
2025-12-15,대구,C,658,152
2025-09-04,인천,C,626,125
2025-03-17,부산,A,972,118
2025-06-03,광주,C,758,145
2025-05-24,부산,A,125,50
2025-03-27,인천,A,919,121
2025-07-04,서울,D,704,156
2025-10-12,서울,B,505,121
2025-08-08,인천,B,331,112
2025-03-10,서울,C,632,55
2025-02-16,서울,C,918,165
2025-04-04,서울,D,649,77
2025-08-26,광주,D,887,131
2025-07-23,광주,D,604,24
2025-08-06,대구,A,768,174
2025-12-07,부산,D,278,138
2025-02-08,인천,D,231,120
2025-04-10,인천,C,922,33
2025-10-16,인천,D,554,36
2025-09-11,대구,A,447,49
2025-08-10,광주,A,639,198
2025-12-23,대구,C,871,173
2025-01-23,인천,D,505,33
2025-09-07,부산,D,175,33
2025-01-10,서울,A,678,13
2025-09-03,광주,D,953,76
2025-11-21,광주,D,591,43
2025-04-10,대구,D,293,194
2025-10-17,광주,B,261,186
2025-06-29,인천,C,446,190
2025-08-11,인천,B,460,125
2025-09-07,대구,C,868,32
2025-05-27,인천,A,683,118
2025-04-06,부산,D,186,78
2025-09-14,대구,C,361,104
2025-11-21,부산,B,313,190
2025-01-04,서울,D,764,71
2025-01-16,부산,A,821,178
2025-10-07,서울,C,672,66
2025-12-02,서울,C,879,197
2025-09-04,부산,C,361,63
2025-09-15,대구,D,829,79
2025-06-09,인천,B,382,110
2025-12-06,인천,B,747,66
2025-06-01,서울,C,566,147
2025-06-27,서울,A,479,177
2025-06-12,대구,A,461,144
2025-02-02,광주,B,548,112
2025-06-28,부산,A,540,175
2025-04-11,서울,B,192,94
2025-09-25,인천,C,720,70
2025-11-19,대구,B,852,12
2025-03-06,부산,B,966,137
2025-06-17,대구,C,523,188
2025-11-26,부산,A,241,95
2025-02-12,부산,B,390,56
2025-02-13,서울,B,531,85
2025-10-12,대구,C,848,47
2025-01-12,대구,A,951,173
2025-04-05,인천,B,923,178
2025-10-29,인천,C,788,150
2025-09-10,서울,B,752,96
2025-08-30,서울,D,800,67
2025-02-04,광주,C,148,59
2025-08-03,인천,A,401,39
2025-12-03,부산,A,980,199
2025-03-31,대구,A,289,110
2025-09-21,서울,A,235,34
2025-04-03,대구,B,654,121
2025-03-31,대구,B,503,164
2025-04-25,광주,A,991,188
2025-04-15,인천,A,964,194
2025-07-15,서울,A,701,135
2025-11-10,대구,B,906,132
2025-04-24,서울,A,440,56
2025-03-16,부산,A,856,127
2025-08-05,광주,D,803,48
2025-10-04,부산,D,417,25
2025-09-06,서울,A,717,31
2025-06-13,서울,C,462,63
2025-12-23,인천,A,921,158
2025-07-11,대구,D,481,25
2025-08-15,대구,C,332,68
2025-06-26,부산,C,876,40
2025-04-09,광주,A,443,179
2025-02-05,대구,D,648,41
2025-04-06,인천,D,916,196
2025-06-01,부산,C,652,171
2025-05-31,부산,A,628,18
2025-07-09,인천,B,955,148
2025-08-12,광주,B,888,19
2025-02-06,인천,D,918,26
2025-09-25,광주,B,670,77
2025-07-02,인천,D,282,57
2025-01-13,인천,D,140,189
2025-10-06,서울,D,650,120
2025-08-05,부산,B,496,162
2025-12-21,인천,D,803,132
2025-12-27,인천,C,878,158
2025-10-13,대구,A,593,110
2025-09-30,부산,A,758,111
2025-03-03,대구,D,432,74
2025-03-25,부산,A,226,60
2025-08-05,대구,B,657,45
2025-12-08,인천,B,656,90
2025-07-06,인천,A,100,136
2025-01-19,서울,B,267,97
2025-06-26,대구,A,719,113
2025-04-10,광주,A,118,24
2025-08-21,서울,A,431,105
2025-03-17,대구,D,683,176
2025-09-22,대구,A,555,132
2025-10-11,서울,D,208,10
2025-07-25,인천,A,367,160
2025-08-11,대구,A,544,131
2025-02-21,인천,A,339,176
2025-12-05,서울,B,400,135
2025-05-24,인천,D,701,66
2025-03-10,부산,D,202,90
2025-04-09,광주,A,349,171
2025-01-25,대구,A,552,178
2025-02-22,광주,B,619,82
2025-05-31,인천,B,252,150
2025-05-24,대구,B,958,79
2025-02-26,인천,D,273,15
2025-02-08,부산,D,442,93
2025-04-19,서울,D,769,61
2025-06-30,대구,A,530,12
2025-02-11,부산,D,826,90
2025-07-05,부산,C,788,72
2025-08-11,대구,C,786,58
2025-05-02,인천,B,951,85
2025-05-13,부산,D,949,121
2025-06-12,광주,C,757,184
2025-08-03,부산,B,423,118
2025-08-09,인천,D,772,192
2025-08-23,인천,A,738,74
2025-11-27,광주,C,519,90
2025-05-26,부산,A,693,24
2025-08-27,인천,D,584,109
2025-03-17,대구,C,758,41
2025-01-09,서울,D,850,105
2025-03-15,서울,A,511,137
2025-09-10,서울,C,183,155
2025-08-18,부산,A,212,122
2025-01-07,광주,D,836,92
2025-06-23,인천,D,431,52
2025-05-21,대구,A,477,125
2025-06-17,대구,C,854,172
2025-06-19,부산,A,754,87
2025-10-10,서울,D,140,67
2025-05-02,부산,A,869,42
2025-07-13,광주,D,896,23
2025-01-05,광주,A,204,171
2025-01-29,인천,C,301,198
2025-06-14,인천,C,549,141
2025-12-05,광주,A,918,68
2025-05-16,광주,A,942,166
2025-12-31,광주,C,365,92
2025-11-17,부산,D,309,143
2025-12-08,광주,C,662,130
2025-05-25,대구,D,217,186
2025-11-23,서울,A,812,177
2025-08-05,광주,A,476,92
2025-10-28,서울,D,650,36
2025-05-12,부산,A,639,89
2025-10-19,서울,D,870,143
2025-03-11,부산,B,183,22
2025-09-09,대구,C,553,73
2025-10-02,부산,B,766,199
2025-12-30,부산,D,728,156
2025-07-01,인천,C,613,89
2025-06-16,광주,D,704,132
2025-04-01,광주,C,777,52
2025-07-21,대구,C,486,98
2025-12-12,대구,C,449,157
2025-01-19,광주,C,395,104
2025-02-08,인천,D,357,181
2025-05-06,광주,C,180,160
2025-06-22,인천,C,367,11
2025-05-21,대구,B,518,129
2025-08-30,서울,A,334,31
2025-08-08,대구,A,932,124
2025-05-06,대구,B,410,66
2025-02-27,부산,B,912,81
2025-05-28,부산,D,456,16
2025-11-13,부산,D,312,193
2025-12-27,부산,D,673,128
2025-01-01,인천,B,148,123
2025-12-14,광주,B,226,25
2025-07-09,서울,C,322,92
2025-07-10,대구,D,378,188
2025-11-08,인천,D,507,81
2025-04-27,서울,D,604,133
2025-05-14,인천,A,393,122
2025-02-27,인천,C,895,21
2025-02-13,대구,D,376,135
2025-06-22,광주,D,537,62
2025-06-09,부산,D,206,84
2025-06-22,광주,A,757,142
2025-11-13,대구,A,519,36
2025-10-30,대구,B,710,149
2025-05-29,대구,C,528,154
2025-03-21,서울,B,474,143
2025-08-01,광주,C,172,106
2025-07-22,광주,A,733,14
2025-09-09,인천,D,129,66
2025-08-17,인천,B,287,165
2025-06-13,인천,D,463,87
2025-08-15,대구,B,965,78
2025-05-27,광주,A,899,127
2025-01-20,대구,A,550,129
2025-02-16,서울,A,294,68
2025-08-21,인천,B,255,42
2025-11-01,대구,C,271,71
2025-01-14,대구,B,946,59
2025-05-23,서울,C,140,121
2025-01-01,부산,B,162,28
2025-02-23,광주,B,122,132
2025-09-16,부산,A,459,56
2025-05-24,인천,D,174,176
2025-01-12,대구,D,659,42
2025-11-26,서울,C,771,150
2025-08-12,서울,D,924,93
2025-09-29,광주,B,217,191
2025-12-24,부산,B,711,144
2025-06-05,광주,A,479,88
2025-01-08,대구,A,778,23
2025-05-02,광주,D,389,156
2025-12-14,서울,C,539,137
2025-06-13,서울,D,767,63
2025-03-31,인천,D,106,157
2025-05-16,인천,D,295,38
2025-07-05,대구,D,520,33
2025-11-12,부산,B,667,91
2025-06-27,광주,C,932,72
2025-01-28,대구,B,292,114
2025-08-08,인천,C,658,66
2025-12-23,광주,A,247,145
2025-02-10,인천,D,886,71
2025-08-16,광주,B,768,166
2025-07-11,부산,C,301,26
2025-05-25,대구,A,543,75
2025-07-20,광주,A,518,15
2025-07-31,서울,D,526,67
2025-08-08,서울,C,578,78
2025-08-28,광주,B,574,165
2025-02-15,광주,D,225,71
2025-02-04,광주,B,494,178
2025-09-10,서울,A,916,91
2025-03-23,서울,B,980,178
2025-09-13,광주,B,905,186
2025-07-16,인천,D,675,186
2025-10-30,인천,B,424,80
2025-01-10,부산,D,491,140
2025-11-08,대구,A,787,19
2025-10-13,인천,D,727,107
2025-08-30,서울,D,539,98
2025-09-08,인천,C,303,44
2025-12-31,부산,B,585,11
2025-01-05,부산,A,932,133
2025-04-29,대구,D,130,33
2025-10-16,인천,A,487,83
2025-03-06,서울,C,724,175
2025-05-26,서울,B,976,31
2025-08-12,광주,D,533,163
2025-08-27,서울,B,936,180
2025-06-26,대구,C,475,192
2025-09-24,대구,C,443,48
2025-12-07,서울,A,542,166
2025-10-09,서울,D,678,29
2025-03-04,광주,A,174,50
2025-08-05,서울,C,656,191
2025-12-08,광주,B,871,157
2025-11-11,광주,A,765,117
2025-10-10,서울,A,254,156
2025-06-26,부산,B,529,93
2025-04-08,부산,A,462,120
2025-04-15,광주,B,547,75
2025-04-09,서울,D,333,167
2025-11-07,부산,B,662,62
2025-01-06,서울,D,917,43
2025-07-16,서울,B,361,159
2025-12-17,서울,C,926,76
2025-05-13,인천,C,224,143
2025-12-24,서울,D,344,36
2025-09-16,인천,D,641,19
2025-01-23,광주,C,584,82
2025-02-22,부산,D,221,105
2025-06-14,부산,B,224,57
2025-07-21,부산,B,648,79
2025-03-24,부산,C,269,196
2025-05-25,부산,A,223,109
2025-03-26,부산,B,968,68
2025-03-19,부산,D,134,11
2025-01-01,광주,A,186,166
2025-02-20,서울,A,745,74
2025-06-22,대구,B,807,92
2025-07-24,인천,B,885,163
2025-09-17,대구,A,300,19
2025-10-15,대구,A,468,62
2025-02-03,서울,C,896,88
2025-12-14,서울,D,176,68
2025-04-05,서울,C,158,159
2025-03-13,부산,B,530,188
2025-02-08,광주,C,737,57
2025-06-03,부산,C,599,158
2025-09-07,광주,C,208,132
2025-06-11,광주,C,835,31
2025-04-28,대구,D,377,109
2025-09-16,대구,D,167,107
2025-11-02,광주,A,168,167
2025-09-25,광주,B,264,34
2025-02-23,부산,C,588,37
2025-08-24,부산,A,404,122
2025-08-10,대구,A,773,54
2025-09-08,서울,A,464,77
2025-11-09,광주,D,953,16
2025-04-22,부산,C,920,58
2025-09-12,대구,C,478,146
2025-10-30,부산,B,442,173
2025-07-26,광주,C,998,92
2025-08-17,광주,C,653,138
2025-12-07,인천,A,453,147
2025-03-07,서울,B,515,173
2025-03-16,인천,C,208,82
2025-04-13,대구,D,662,55
2025-07-11,부산,C,861,115
2025-09-09,대구,A,596,169
2025-08-14,광주,D,440,41
2025-10-21,인천,A,482,15
2025-11-02,인천,C,632,185
2025-04-08,인천,D,399,175
2025-12-04,대구,B,238,154
2025-10-13,광주,B,458,83
2025-12-01,부산,D,935,123
2025-12-13,부산,D,598,36
2025-11-04,대구,A,484,63
2025-09-06,인천,D,703,187
2025-06-15,서울,A,379,172
2025-12-01,대구,C,736,94
2025-01-30,대구,A,582,136
2025-09-04,광주,D,210,162
2025-04-16,부산,D,965,165
2025-02-20,대구,C,238,120
2025-03-22,대구,D,534,24
2025-05-13,인천,D,608,141
2025-10-12,인천,B,372,102
2025-05-18,서울,B,198,132
2025-07-03,광주,C,863,82
2025-11-26,서울,A,949,164
2025-09-30,인천,B,203,163
2025-12-06,부산,A,313,156
2025-03-10,인천,D,860,101
2025-02-03,광주,B,763,26
2025-09-19,인천,C,861,52
2025-02-22,광주,C,886,130
2025-07-24,광주,C,264,50
2025-05-06,광주,B,952,179
2025-08-23,광주,A,619,187
2025-02-12,광주,D,383,177
2025-08-28,부산,A,616,48
2025-04-21,서울,A,756,122
2025-09-06,대구,D,712,160
2025-05-31,서울,D,263,120
2025-07-02,광주,B,985,189
2025-12-02,부산,B,758,56
2025-04-05,인천,B,163,72
2025-01-08,부산,B,190,119
2025-12-26,광주,B,216,78
2025-07-03,부산,D,965,52
2025-10-08,부산,A,366,185
2025-07-14,광주,B,921,43
2025-12-18,부산,B,784,49
2025-07-14,대구,A,658,70
2025-06-04,대구,B,239,187
2025-04-03,부산,A,345,71
2025-06-09,인천,A,760,67
2025-03-02,광주,D,857,170
2025-05-02,대구,C,494,84
2025-02-20,인천,D,586,25
2025-10-04,부산,C,575,91
2025-01-05,인천,C,616,103
2025-04-02,서울,C,283,57
2025-06-19,대구,B,119,147
2025-11-13,부산,D,657,91
2025-01-22,광주,C,623,47
2025-11-22,부산,A,681,136
2025-01-01,광주,B,628,28
2025-05-13,부산,D,982,173
2025-08-21,인천,C,246,196
2025-01-12,인천,A,765,72
2025-12-12,인천,D,403,86
2025-02-15,서울,D,719,183
2025-02-03,광주,B,847,140
2025-03-19,인천,D,919,111
2025-08-06,서울,B,963,74
2025-10-28,광주,C,681,129
2025-03-14,부산,B,794,100
2025-10-09,서울,A,861,17
2025-09-06,대구,B,327,188
2025-02-16,서울,A,201,82
2025-05-01,서울,B,686,143
2025-08-02,광주,D,516,116
2025-08-27,부산,C,315,98
2025-02-25,대구,A,506,48
2025-12-16,인천,B,498,122
2025-04-17,인천,B,814,197
2025-11-15,서울,B,803,37
2025-02-17,광주,D,860,106
2025-03-02,광주,D,598,191
2025-12-03,인천,A,853,46
2025-01-26,대구,A,564,146
2025-10-19,부산,D,790,91
2025-09-14,대구,A,830,65
2025-01-08,부산,C,181,196
2025-04-23,인천,C,703,94
2025-12-21,부산,D,786,11
2025-09-10,광주,A,850,198
2025-06-29,서울,B,871,67
2025-07-26,서울,C,464,116
2025-10-30,인천,D,262,132
2025-05-07,광주,A,147,197
2025-02-25,대구,D,610,177
2025-08-02,광주,B,428,173
2025-01-14,서울,C,939,123
2025-01-28,서울,D,215,116
2025-03-19,광주,D,948,46
2025-08-04,광주,D,436,88
2025-12-31,서울,B,980,101
2025-06-03,대구,D,836,27
2025-01-14,인천,B,963,107
2025-07-06,인천,B,939,72
2025-11-08,광주,B,246,159
2025-01-07,인천,C,674,148
2025-01-03,서울,C,905,195
2025-04-21,서울,D,422,194
2025-08-26,광주,D,542,13
2025-12-29,광주,C,936,144
2025-08-27,광주,A,112,70
2025-10-01,대구,C,593,116
2025-10-21,인천,B,800,63
2025-08-15,광주,C,386,97
2025-01-15,부산,B,819,77
2025-07-11,부산,D,213,138
2025-04-29,서울,A,579,64
2025-01-28,인천,D,121,12
2025-07-21,광주,B,448,175
2025-02-08,부산,B,825,130
2025-09-30,인천,B,782,138
2025-08-19,서울,A,934,111
2025-03-27,대구,C,665,47
2025-05-06,인천,D,909,94
2025-10-27,인천,D,419,166
2025-01-25,대구,C,225,142
2025-05-25,인천,D,376,101
2025-01-13,서울,A,303,30
2025-07-31,서울,D,293,118
2025-01-25,대구,B,780,56
2025-03-09,광주,C,763,93
2025-03-08,부산,A,646,92
2025-08-21,광주,C,795,44
2025-04-19,인천,A,385,78
2025-05-26,부산,B,156,138
2025-04-21,대구,C,833,149
2025-08-16,대구,D,402,197
2025-04-21,부산,A,262,36
2025-02-03,서울,C,118,65
2025-04-21,부산,D,469,32
2025-09-21,인천,C,363,162
2025-08-24,서울,C,893,30
2025-03-24,대구,C,212,70
2025-02-11,부산,A,587,72
2025-04-11,광주,D,426,131
2025-01-06,광주,B,641,61
2025-06-29,인천,A,746,97
2025-10-09,광주,A,678,162
2025-11-16,부산,A,164,64
2025-08-14,부산,B,391,55
2025-11-11,광주,D,124,41
2025-12-31,부산,D,648,64
2025-08-17,인천,D,100,105
2025-10-16,서울,C,648,142
2025-05-30,인천,C,240,45
2025-10-04,인천,C,843,119
2025-07-17,부산,B,747,186
2025-03-11,서울,C,287,115
2025-04-22,부산,B,227,67
2025-01-04,대구,D,300,48
2025-12-16,부산,C,226,89
2025-11-27,부산,C,356,106
2025-11-14,부산,A,775,122
2025-12-16,서울,B,646,70
2025-04-05,부산,D,293,146
2025-06-01,서울,A,802,15
2025-11-07,광주,A,203,118
2025-05-17,대구,D,634,44
2025-09-04,서울,A,364,48
2025-08-31,광주,B,901,159
2025-01-31,서울,B,483,178
2025-02-09,서울,C,359,127
2025-08-17,대구,A,513,14
2025-02-05,인천,C,457,179
2025-08-11,인천,A,174,96
2025-01-06,서울,B,454,85
2025-11-18,부산,B,683,167
2025-08-08,광주,B,870,66
2025-03-16,부산,A,287,136
2025-01-04,부산,B,784,38
2025-12-01,서울,A,389,174
2025-05-14,서울,C,144,96
2025-04-28,서울,A,672,150
2025-04-04,서울,C,182,169
2025-03-03,인천,A,222,55
2025-07-13,서울,C,457,125
2025-12-01,인천,B,627,121
2025-07-22,인천,C,165,160
2025-01-26,서울,B,756,54
2025-06-22,대구,B,474,154
2025-10-27,광주,C,261,113
2025-05-13,부산,A,845,94
2025-11-22,인천,A,479,143
2025-04-28,광주,D,755,117
2025-11-20,대구,A,457,27
2025-10-02,부산,D,287,103
2025-07-31,부산,A,421,159
2025-08-13,인천,A,549,42
2025-01-20,서울,B,573,167
2025-04-23,대구,D,112,135
2025-05-20,인천,A,283,169
2025-02-16,대구,D,210,179
2025-01-01,서울,B,607,131
2025-03-31,서울,B,389,147
2025-05-22,인천,D,394,124
2025-11-16,서울,B,550,173
2025-02-07,광주,C,314,171
2025-10-20,부산,C,731,37
2025-05-19,인천,B,993,20
2025-12-22,대구,C,666,176
2025-11-29,광주,A,126,56
